1,John,Doe,john.doe,pass123,New York,5th Avenue,10,123-456-7890
2,Jane,Smith,jane.smith,pass456,Los Angeles,Sunset Blvd,20,987-654-3210
3,Emily,Johnson,emily.johnson,pass789,Chicago,Main St,30,555-123-4567
4,Michael,Brown,michael.brown,pass101,San Francisco,Market St,40,555-987-6543
5,Jessica,Davis,jessica.davis,pass202,Seattle,Pine St,50,555-654-3210
6,William,Smith,william.smith,pass303,New York,5th Avenue,10,123-456-7890
7,Olivia,Johnson,olivia.johnson,pass456,Los Angeles,Sunset Blvd,20,987-654-3210
8,James,Williams,james.williams,pass404,Houston,Elm St,60,555-321-0987
9,Isabella,Brown,isabella.brown,pass505,Phoenix,Oak St,70,555-876-5432
10,Alexander,Garcia,alexander.garcia,pass606,Philadelphia,Maple St,80,555-234-5678
11,Sophia,Miller,sophia.miller,pass707,San Antonio,Birch St,90,555-345-6789
12,Daniel,Martinez,daniel.martinez,pass808,Dallas,Cedar St,100,555-456-7890
13,Mia,Anderson,mia.anderson,pass909,San Diego,Walnut St,110,555-567-8901
14,Matthew,Thomas,matthew.thomas,pass010,Austin,Chestnut St,120,555-678-9012
15,Charlotte,Jackson,charlotte.jackson,pass111,San Jose,Poplar St,130,555-789-0123
16,David,White,david.white,pass212,Fort Worth,Willow St,140,555-890-1234